iid1	iid2	ch	Start	End	length	StartM	EndM	lengthM	StartBP	EndBP	segment_type
GRG041	GRG081	1	10	41094	41084	0.025727	1.3551440238952637	1.329417023807764	949654	108090641	IBD1
GRG041	GRG081	1	51667	54938	3271	1.7523239850997925	1.8601269721984863	0.1078029870986938	162343154	168733458	IBD1
GRG041	GRG081	1	82505	87838	5333	2.62322998046875	2.862730026245117	0.2395000457763672	237272025	249210707	IBD1
GRG041	GRG081	1	107	4350	4243	0.035205	0.2408079952001571	0.2056029960513115	1684472	11641453	IBD2
GRG041	GRG081	1	4414	5888	1474	0.248540997505188	0.3292829990386963	0.0807420015335083	11824133	15424731	IBD2
GRG041	GRG081	1	6538	14734	8196	0.3576210141181946	0.6538410186767578	0.2962200045585632	17459855	38421361	IBD2
GRG041	GRG081	1	29912	32098	2186	1.0571800470352173	1.1125080585479736	0.0553280115127563	77220991	83054951	IBD2
GRG041	GRG081	1	85065	87837	2772	2.738826036453247	2.862668037414551	0.1238420009613037	242203795	249202567	IBD2
GRG041	GRG007	1	12972	16218	3246	0.58762	0.7075549960136414	0.1199349761009216	34023749	42230695	IBD1
GRG041	GRG004	1	8	4887	4879	0.024457	0.283389002084732	0.258932001888752	903426	13816229	IBD1
GRG081	GRG004	1	10	5112	5102	0.025727	0.2959670126438141	0.2702400125563144	949654	14210730	IBD1
GRG007	GRG004	1	10	5943	5933	0.025727	0.3315410017967224	0.3058140017092228	949654	15507320	IBD1
GRG007	GRG004	1	8043	14742	6699	0.4283449947834015	0.6539009809494019	0.2255559861660003	20087406	38453576	IBD1
GRG007	GRG004	1	28992	80219	51227	1.0344280004501345	2.5160369873046875	1.4816089868545532	74977705	232825854	IBD1
GRG007	GRG004	1	82296	87838	5542	2.6100690364837646	2.862730026245117	0.2526609897613525	236891261	249210707	IBD1
GRG007	GRG004	1	48776	68641	19865	1.66218900680542	2.206800937652588	0.544611930847168	156336792	205922403	IBD2
GRG007	GRG004	1	68785	75283	6498	2.2197060585021973	2.393343925476074	0.1736378669738769	206795267	221147712	IBD2
GRG041	GRG081	2	29506	43565	14059	0.906245	1.281175971031189	0.3749309778213501	65234613	109769146	IBD1
GRG041	GRG081	2	51319	62292	10973	1.502369046211243	1.7594150304794312	0.2570459842681885	132164691	162527050	IBD1
GRG041	GRG081	2	65081	84536	19455	1.822625994682312	2.3666350841522217	0.5440090894699097	170128337	224907347	IBD1
GRG041	GRG081	2	73345	77794	4449	2.053014039993286	2.1640570163726807	0.1110429763793945	195840507	208820252	IBD2
GRG041	GRG081	2	78144	81920	3776	2.174014091491699	2.2799670696258545	0.1059529781341552	209959422	218829678	IBD2
GRG041	GRG007	2	56489	63745	7256	1.635149	1.789999008178711	0.1548500061035156	145400317	166986046	IBD1
GRG041	GRG004	2	56485	61802	5317	1.635133	1.754420042037964	0.1192870140075683	145377045	160977769	IBD1
GRG081	GRG007	2	3763	6954	3191	0.193598	0.3409459888935089	0.1473479866981506	7383183	13896443	IBD1
GRG081	GRG007	2	37100	39763	2663	1.1117390394210815	1.193222999572754	0.0814839601516723	82248401	99857904	IBD1
GRG081	GRG007	2	56464	62344	5880	1.634922981262207	1.759814977645874	0.1248919963836669	145307805	162778229	IBD1
GRG081	GRG004	2	37100	39756	2656	1.111739	1.1931300163269043	0.0813909769058227	82248401	99810055	IBD1
GRG081	GRG004	2	56463	62345	5882	1.6346240043640137	1.75981605052948	0.1251920461654663	145305277	162786107	IBD1
GRG007	GRG004	2	16	4273	4257	0.00041	0.2189480066299438	0.2185380066221114	84392	8416174	IBD1
GRG007	GRG004	2	29751	38719	8968	0.9121739864349364	1.144032001495361	0.2318580150604248	65806110	87776306	IBD1
GRG007	GRG004	2	38732	67404	28672	1.1622780561447144	1.909180998802185	0.7469029426574707	88364086	176394178	IBD1
GRG007	GRG004	2	70260	89731	19471	1.972700953483581	2.5532870292663574	0.5805860757827759	183519463	236205983	IBD1
GRG007	GRG004	2	31503	34998	3495	0.9597449898719788	1.0542629957199097	0.0945180058479309	69139564	77377286	IBD2
GRG007	GRG004	2	35107	38346	3239	1.0622179508209229	1.1361349821090698	0.0739170312881469	77689799	86018569	IBD2
GRG007	GRG004	2	39314	43820	4506	1.186311960220337	1.2909499406814575	0.1046379804611206	98013814	110461325	IBD2
GRG007	GRG004	2	43957	51176	7219	1.3076640367507937	1.4945069551467896	0.1868429183959961	111720884	131283979	IBD2
GRG007	GRG004	2	51364	57625	6261	1.5132919549942017	1.6577919721603394	0.1445000171661377	133075301	149568729	IBD2
GRG007	GRG004	2	76090	83113	7023	2.10603404045105	2.318689107894897	0.2126550674438476	204818924	221725744	IBD2
GRG007	GRG004	2	84082	89380	5298	2.3535330295562744	2.530613899230957	0.1770808696746826	223902463	235691427	IBD2
GRG041	GRG081	3	5	5605	5600	0.000199	0.2340169996023178	0.2338179996004328	104972	9238969	IBD1
GRG041	GRG081	3	28494	32666	4172	0.8368639945983887	0.9630299806594848	0.1261659860610962	63438258	71987989	IBD1
GRG041	GRG081	3	46740	67736	20996	1.29338800907135	1.8275729417800903	0.5341849327087402	118423392	174315167	IBD1
GRG041	GRG004	3	5227	13705	8478	0.214989	0.482244998216629	0.2672559916973114	8676945	27401685	IBD1
GRG081	GRG004	3	72886	75592	2706	2.044949	2.180109024047852	0.1351599693298339	188519594	194539121	IBD1
GRG007	GRG004	3	5	4357	4352	0.000199	0.1863999962806701	0.1862009962787851	104972	7215759	IBD1
GRG007	GRG004	3	16700	28172	11472	0.579712986946106	0.827476978302002	0.247763991355896	34222230	62827510	IBD1
GRG007	GRG004	3	30729	73089	42360	0.9037500023841858	2.0565168857574463	1.1527668833732605	67577666	189032004	IBD1
GRG007	GRG004	3	66267	67733	1466	1.763321042060852	1.8275330066680908	0.0642119646072387	170842217	174308012	IBD2
GRG041	GRG081	4	7460	11214	3754	0.339412	0.4455800056457519	0.1061680018901825	16581810	25467149	IBD1
GRG041	GRG081	4	30825	46345	15520	1.000378966331482	1.3777070045471191	0.3773280382156372	85088384	132518772	IBD1
GRG041	GRG081	4	47675	64505	16830	1.4183629751205444	1.9565670490264893	0.5382040739059448	137833677	183684034	IBD1
GRG041	GRG081	4	64559	67858	3299	1.966783046722412	2.14542293548584	0.1786398887634277	183803699	190897284	IBD1
GRG041	GRG007	4	59723	67797	8074	1.76872	2.1423470973968506	0.3736270666122436	172227195	190648875	IBD1
GRG007	GRG004	4	10	34027	34017	0.003536	1.0736550092697144	1.0701190093532205	110646	94779182	IBD1
GRG007	GRG004	4	34843	40342	5499	1.0978460311889648	1.2364879846572876	0.1386419534683227	96745770	113979380	IBD1
GRG007	GRG004	4	52244	67858	15614	1.5443320274353027	2.14542293548584	0.6010909080505371	151182255	190897284	IBD1
GRG007	GRG004	4	5980	11210	5230	0.2986179888248443	0.4454210102558136	0.1468030214309692	13792212	25461626	IBD2
GRG007	GRG004	4	11326	12968	1642	0.4563510119915008	0.515699028968811	0.0593480169773101	25742231	30162762	IBD2
GRG007	GRG004	4	56805	59867	3062	1.6797850131988523	1.7718210220336914	0.0920360088348388	164177549	172715996	IBD2
GRG041	GRG081	5	0	65930	65930	0.000381	1.8916970491409304	1.8913160491501912	26366	173849652	IBD1
GRG041	GRG081	5	66243	68279	2036	1.9081109762191768	2.0205230712890625	0.1124120950698852	174434860	180054711	IBD1
GRG041	GRG081	5	0	2944	2944	0.000381	0.1408639997243881	0.1404829997336492	26366	5543430	IBD2
GRG041	GRG081	5	9182	24814	15632	0.3549999892711639	0.7492520213127136	0.3942520320415497	18852401	66728619	IBD2
GRG041	GRG081	5	53803	64483	10680	1.5163780450820925	1.827553987503052	0.3111759424209595	148173382	171225745	IBD2
GRG041	GRG007	5	5251	8357	3106	0.21817	0.3163999915122986	0.0982299894094467	9617819	16656803	IBD1
GRG041	GRG007	5	9806	12767	2961	0.3703590035438537	0.4610599875450134	0.0907009840011596	21417159	31385490	IBD1
GRG041	GRG007	5	24244	29847	5603	0.7313780188560486	0.927161991596222	0.1957839727401733	65602338	80410276	IBD1
GRG041	GRG004	5	342	2285	1943	0.01659	0.1110510006546974	0.0944610014557838	1286516	4439260	IBD1
GRG041	GRG004	5	20457	24961	4504	0.6506569981575012	0.7517250180244446	0.1010680198669433	55348941	67096115	IBD1
GRG041	GRG004	5	54463	60175	5712	1.543279051780701	1.6732250452041626	0.1299459934234619	149340090	161875282	IBD1
GRG081	GRG007	5	4979	7844	2865	0.209498	0.3049429953098297	0.0954449921846389	9208812	15582426	IBD1
GRG081	GRG007	5	9802	12767	2965	0.3703230023384094	0.4610599875450134	0.090736985206604	21393979	31385490	IBD1
GRG081	GRG007	5	24244	29411	5167	0.7313780188560486	0.9182080030441284	0.1868299841880798	65602338	79402443	IBD1
GRG081	GRG004	5	321	2158	1837	0.014458	0.1045489981770515	0.0900909984484314	1217494	4224788	IBD1
GRG081	GRG004	5	20457	24955	4498	0.6506569981575012	0.7515450119972229	0.1008880138397216	55348941	67082497	IBD1
GRG081	GRG004	5	54207	60175	5968	1.5316389799118042	1.6732250452041626	0.1415860652923584	148881158	161875282	IBD1
GRG081	GRG004	5	66226	68485	2259	1.906365990638733	2.040858030319214	0.1344920396804809	174414273	180690937	IBD1
GRG007	GRG004	5	6	20641	20635	0.000691	0.657634973526001	0.6569439735030755	93580	55641639	IBD1
GRG007	GRG004	5	33140	38098	4958	1.0170849561691284	1.1231319904327393	0.1060470342636108	92023661	107706018	IBD1
GRG007	GRG004	5	40174	53806	13632	1.1648889780044556	1.5165959596633911	0.3517069816589355	112911165	148174232	IBD1
GRG007	GRG004	5	1278	4994	3716	0.0668210014700889	0.2095420062541961	0.1427210047841072	2856417	9218895	IBD2
GRG041	GRG081	6	3193	5582	2389	0.137067	0.2242809981107711	0.0872139930725097	5583382	10097016	IBD1
GRG041	GRG081	6	22268	28843	6575	0.5310980081558228	0.7208089828491211	0.1897109746932983	34922193	49494933	IBD1
GRG041	GRG081	6	32088	74981	42893	0.7837139964103699	1.9203250408172607	1.1366110444068909	62272284	170909002	IBD1
GRG041	GRG081	6	43846	46721	2875	1.0256949663162231	1.091740965843201	0.0660459995269775	96842854	105661450	IBD2
GRG041	GRG081	6	59520	72672	13152	1.4191819429397583	1.8325040340423584	0.4133220911026001	138326557	166675798	IBD2
GRG041	GRG081	6	72734	74903	2169	1.8435050249099727	1.919888973236084	0.0763839483261108	166850798	170772209	IBD2
GRG081	GRG004	6	9755	12702	2947	0.35927	0.4542909860610962	0.095020979642868	18221471	24107093	IBD1
GRG007	GRG004	6	30872	54333	23461	0.764778	1.2796779870986938	0.5148999691009521	54336086	125676107	IBD1
GRG007	GRG004	6	57959	71717	13758	1.3732949495315552	1.7993940114974976	0.4260990619659424	134588062	164972683	IBD1
GRG007	GRG004	6	35926	41643	5717	0.8618230223655701	0.9677680134773254	0.1059449911117553	75070742	91021865	IBD2
GRG007	GRG004	6	63876	71221	7345	1.5397160053253174	1.7754130363464355	0.2356970310211181	149278185	164089660	IBD2
GRG041	GRG081	7	5	7446	7441	0.00046	0.3102839887142181	0.3098239887040108	60728	17127579	IBD1
GRG041	GRG081	7	14255	18687	4432	0.5092769861221313	0.6310780048370361	0.1218010187149047	30748323	39756481	IBD1
GRG041	GRG081	7	31175	59147	27972	0.990669012069702	1.8715260028839111	0.880856990814209	81823590	159119486	IBD1
GRG041	GRG081	7	69	4869	4800	0.0141289997845888	0.2258220016956329	0.2116930019110441	848197	12172083	IBD2
GRG041	GRG081	7	35215	50400	15185	1.083830952644348	1.4599900245666504	0.3761590719223022	93617973	137584781	IBD2
GRG041	GRG081	7	56474	57320	846	1.7411609888076782	1.7900890111923218	0.0489280223846435	153895189	155222584	IBD2
GRG041	GRG007	7	10429	14324	3895	0.408077	0.5103570222854614	0.1022800207138061	23115966	30835879	IBD1
GRG041	GRG004	7	8792	14298	5506	0.357376	0.5099509954452515	0.1525749862194061	20184421	30803648	IBD1
GRG081	GRG004	7	18313	30604	12291	0.626733	0.9680669903755188	0.3413339853286743	38970166	80384050	IBD1
GRG007	GRG004	7	2948	18680	15732	0.160793	0.6310420036315918	0.4702489972114563	8329762	39740487	IBD1
GRG007	GRG004	7	39098	47722	8624	1.1856240034103394	1.3986669778823853	0.2130429744720459	105373046	131430722	IBD1
GRG007	GRG004	7	48622	59147	10525	1.419052004814148	1.8715260028839111	0.4524739980697632	133531432	159119486	IBD1
GRG007	GRG004	7	5980	13831	7851	0.266321986913681	0.4976170063018799	0.2312950193881988	14313907	29639200	IBD2
GRG007	GRG004	7	53420	54730	1310	1.5821579694747925	1.6308430433273315	0.048685073852539	146582565	149492218	IBD2
GRG007	GRG004	7	54799	55897	1098	1.6428040266036987	1.6984870433807373	0.0556830167770385	149983210	152568910	IBD2
GRG007	GRG004	7	56535	59147	2612	1.7437750101089478	1.8715260028839111	0.1277509927749633	153964104	159119486	IBD2
GRG041	GRG081	8	29	60395	60366	0.000386	1.6800220012664795	1.679636001266772	226670	146296414	IBD1
GRG041	GRG081	8	5447	7010	1563	0.1915729939937591	0.245510995388031	0.0539380013942718	8098079	11766553	IBD2
GRG041	GRG081	8	7049	11396	4347	0.2813659906387329	0.4035139977931976	0.1221480071544647	12545638	19030337	IBD2
GRG041	GRG081	8	17414	19775	2361	0.5956649780273438	0.6414009928703308	0.045736014842987	30541935	37683161	IBD2
GRG041	GRG081	8	19903	22928	3025	0.6508669853210449	0.7057250142097473	0.0548580288887023	38423868	52506011	IBD2
GRG041	GRG081	8	41543	46635	5092	1.1588729619979858	1.2529749870300293	0.0941020250320434	103594491	118418008	IBD2
GRG041	GRG081	8	47916	55629	7713	1.275120973587036	1.517107009887695	0.2419860363006591	121046348	135870334	IBD2
GRG007	GRG004	8	9	19091	19082	0.000118	0.6208459734916687	0.6207279734881013	194947	35087639	IBD1
GRG007	GRG004	8	34967	58498	23531	0.9924150109291076	1.6016390323638916	0.6092240214347839	84581181	140863075	IBD1
GRG007	GRG004	8	1788	5444	3656	0.0689899995923042	0.1827600002288818	0.1137700006365776	3037091	6930798	IBD2
GRG007	GRG004	8	5447	7048	1601	0.1915729939937591	0.2480330020189285	0.0564600080251693	8098079	11859851	IBD2
GRG007	GRG004	8	7049	13644	6595	0.2813659906387329	0.4811010062694549	0.199735015630722	12545638	22977170	IBD2
GRG007	GRG004	8	48969	50573	1604	1.305935025215149	1.3673609495162964	0.0614259243011474	123590010	126762263	IBD2
GRG041	GRG081	9	19911	25662	5751	0.666942	0.8361340165138245	0.1691920161247253	71035938	84410638	IBD1
GRG041	GRG081	9	30989	47144	16155	0.9942669868469238	1.4634050130844116	0.4691380262374878	96902444	133872387	IBD1
GRG007	GRG004	9	2	5789	5787	0.001662	0.2045660018920898	0.2029040019260719	205964	8802404	IBD1
GRG007	GRG004	9	6695	13927	7232	0.2373030036687851	0.4699699878692627	0.2326669842004776	10278722	24757627	IBD1
GRG007	GRG004	9	22986	49664	26678	0.7476000189781189	1.6246110200881958	0.8770110011100769	78683749	139069713	IBD1
GRG007	GRG004	9	29287	45341	16054	0.9577879905700684	1.38201904296875	0.4242310523986816	92900824	129076424	IBD2
GRG041	GRG081	10	2639	6950	4311	0.099287	0.2623080015182495	0.1630209982395172	4646167	12063819	IBD1
GRG041	GRG081	10	7570	43603	36033	0.2915560007095337	1.3075770139694214	1.0160210132598877	13091122	106447678	IBD1
GRG041	GRG081	10	44215	58045	13830	1.3160879611968994	1.8091529607772827	0.4930649995803833	107966854	135434303	IBD1
GRG041	GRG081	10	10745	20024	9279	0.4034219980239868	0.6421589851379395	0.2387369871139526	18956045	45709496	IBD2
GRG041	GRG081	10	21180	29347	8167	0.7420859932899475	0.9426490068435668	0.2005630135536193	52551922	71712896	IBD2
GRG007	GRG004	10	1747	9164	7417	0.062649	0.3527480065822601	0.2900990098714828	3245834	15645753	IBD1
GRG007	GRG004	10	10279	18041	7762	0.3892050087451935	0.6065679788589478	0.2173629701137542	17648972	35868079	IBD1
GRG007	GRG004	10	22010	27221	5211	0.7693079710006714	0.8863369822502136	0.1170290112495422	54335920	67066398	IBD1
GRG007	GRG004	10	41052	58045	16993	1.2513070106506348	1.8091529607772827	0.557845950126648	99500480	135434303	IBD1
GRG007	GRG004	10	4607	7535	2928	0.1774100065231323	0.2888320088386535	0.1114220023155212	7625196	13026949	IBD2
GRG041	GRG081	11	2	54138	54136	0.000131	1.5821709632873535	1.582039963293937	202812	134942543	IBD1
GRG041	GRG081	11	10987	16583	5596	0.3958449959754944	0.5459380149841309	0.1500930190086364	22376572	36114348	IBD2
GRG041	GRG081	11	16822	23309	6487	0.5550010204315186	0.6984480023384094	0.1434469819068908	36444395	62219776	IBD2
GRG041	GRG081	11	23467	37103	13636	0.7061960101127625	1.039486050605774	0.3332900404930115	62863047	98883141	IBD2
GRG041	GRG081	11	45667	54138	8471	1.2605069875717163	1.5821709632873535	0.3216639757156372	118698537	134942543	IBD2
GRG041	GRG007	11	27840	31128	3288	0.823959	0.9085680246353148	0.0846090316772461	76350658	83712335	IBD1
GRG041	GRG004	11	27840	32797	4957	0.823959	0.9385340213775636	0.1145750284194946	76350658	87824321	IBD1
GRG041	GRG004	11	49229	53112	3883	1.3879469633102417	1.5387250185012815	0.15077805519104	126059949	133071523	IBD1
GRG081	GRG007	11	27840	32797	4957	0.823959	0.9385340213775636	0.1145750284194946	76350658	87824321	IBD1
GRG081	GRG007	11	36891	44881	7990	1.0337289571762085	1.2355860471725464	0.2018570899963379	98329172	117201682	IBD1
GRG081	GRG004	11	27840	32797	4957	0.823959	0.9385340213775636	0.1145750284194946	76350658	87824321	IBD1
GRG081	GRG004	11	40675	44878	4203	1.1123509407043457	1.235090970993042	0.1227400302886962	107265626	117179891	IBD1
GRG081	GRG004	11	49231	53111	3880	1.3879499435424805	1.538712978363037	0.1507630348205566	126060433	133070130	IBD1
GRG007	GRG004	11	6321	47259	40938	0.246152	1.3176389932632446	1.071486994624138	12547854	122021460	IBD1
GRG007	GRG004	11	24652	44097	19445	0.7329819798469543	1.2038949728012085	0.4709129929542541	67533195	115612038	IBD2
GRG041	GRG081	12	8	2933	2925	0.001936	0.1392489969730377	0.1373129970161244	207231	5488105	IBD1
GRG041	GRG081	12	7656	13523	5867	0.339147001504898	0.5160750150680542	0.1769280135631561	16512619	30306105	IBD1
GRG041	GRG081	12	26657	53024	26367	0.8487690091133118	1.7408230304718018	0.89205402135849	69587920	133023640	IBD1
GRG041	GRG081	12	30307	35667	5360	0.953366994857788	1.1081550121307373	0.1547880172729492	78932231	95293479	IBD2
GRG041	GRG081	12	41967	45591	3624	1.2705409526824951	1.3845759630203247	0.1140350103378295	108643057	117567564	IBD2
GRG007	GRG004	12	20	7161	7141	0.002259	0.3213090002536773	0.3190500002820045	219988	15196798	IBD1
GRG007	GRG004	12	12085	18892	6807	0.4802219867706299	0.6207559704780579	0.1405339837074279	27100864	48269410	IBD1
GRG007	GRG004	12	33420	37425	4005	1.0309710502624512	1.156438946723938	0.1254678964614868	89832423	99130660	IBD1
GRG007	GRG004	12	48680	53231	4551	1.5003960132598877	1.7467989921569824	0.2464029788970947	125519684	133810286	IBD1
GRG007	GRG004	12	672	2041	1369	0.0383119992911815	0.0983539968729019	0.0600419975817203	1780565	4062814	IBD2
GRG007	GRG004	12	2074	4129	2055	0.1074030026793479	0.1991419941186905	0.0917389914393425	4133368	8181621	IBD2
GRG007	GRG004	12	50022	53186	3164	1.5628050565719604	1.7457159757614136	0.1829109191894531	127902383	133487129	IBD2
GRG041	GRG081	13	18	18581	18563	0.005762	0.6294119954109192	0.6236499953083694	19529644	67996914	IBD1
GRG041	GRG081	13	30099	38616	8517	0.9207119941711426	1.2570459842681885	0.3363339900970459	98844256	115103150	IBD1
GRG041	GRG081	13	15	1352	1337	0.00556	0.0666930004954338	0.0611330005340278	19523899	22716323	IBD2
GRG041	GRG081	13	1825	5678	3853	0.0921399965882301	0.246739000082016	0.1545990034937858	23598966	30980940	IBD2
GRG041	GRG081	13	5903	10001	4098	0.2597920000553131	0.4008350074291229	0.1410430073738098	31399506	40908690	IBD2
GRG041	GRG081	13	37475	38616	1141	1.199942946434021	1.2570459842681885	0.0571030378341674	112127040	115103150	IBD2
GRG041	GRG004	13	2321	8689	6368	0.109218	0.3553459942340851	0.2461279928684234	24484079	37493054	IBD1
GRG081	GRG004	13	2320	5809	3489	0.109203	0.2567520141601562	0.1475490108132362	24483053	31279747	IBD1
GRG007	GRG004	13	18	3489	3471	0.005762	0.161540001630783	0.1557780015282333	19529644	26746396	IBD1
GRG007	GRG004	13	11457	25591	14134	0.4653179943561554	0.8078650236129761	0.3425470292568207	46162672	86581867	IBD1
GRG007	GRG004	13	28365	38616	10251	0.8717219829559326	1.2570459842681885	0.3853240013122558	94900521	115103150	IBD1
GRG007	GRG004	13	35336	38616	3280	1.1153069734573364	1.2570459842681885	0.141739010810852	108567155	115103150	IBD2
GRG041	GRG081	14	10	4155	4145	0.021679	0.2197320014238357	0.1980530004948377	20402139	29899685	IBD1
GRG041	GRG081	14	5142	22003	16861	0.258415013551712	0.6996650099754333	0.4412499964237213	32838905	75784556	IBD1
GRG041	GRG081	14	5291	8468	3177	0.2654779851436615	0.3782599866390228	0.1127820014953613	33070718	40674941	IBD2
GRG007	GRG004	14	11092	35815	24723	0.428291	1.2020230293273926	0.7737320363521576	49149443	107287663	IBD1
GRG007	GRG004	14	17100	31329	14229	0.5853170156478882	0.979981005191803	0.3946639895439148	63188815	95966767	IBD2
GRG041	GRG081	15	631	31977	31346	0.224242	1.3274129629135132	1.1031709611415863	25119954	98958486	IBD1
GRG041	GRG081	15	3681	26850	23169	0.4009619951248169	1.0611809492111206	0.6602189540863037	32919127	89361859	IBD2
GRG007	GRG004	15	18	3301	3283	0.14073	0.3596599996089935	0.2189300060272216	22799908	31352983	IBD1
GRG007	GRG004	15	11810	18223	6413	0.6411340236663818	0.824209988117218	0.1830759644508361	53300731	67232645	IBD1
GRG007	GRG004	15	23732	26837	3105	0.9747139811515808	1.058845043182373	0.0841310620307922	81111300	89321736	IBD1
GRG007	GRG004	15	27290	33936	6646	1.081055998802185	1.4134600162506104	0.3324040174484253	90350472	102398060	IBD1
GRG007	GRG004	15	29789	30922	1133	1.2033430337905884	1.2628179788589478	0.0594749450683593	94728892	96878437	IBD2
GRG007	GRG004	15	31319	33870	2551	1.2907569408416748	1.4120210409164429	0.121264100074768	97797585	102148044	IBD2
GRG041	GRG081	16	8	8143	8135	9.8e-05	0.3462089896202087	0.346110989623412	101263	16308675	IBD1
GRG041	GRG081	16	10849	17990	7141	0.4818170070648193	0.761900007724762	0.2800830006599426	24518617	57738032	IBD1
GRG041	GRG081	16	18589	33935	15346	0.7853260040283203	1.34026300907135	0.5549370050430298	59222406	90149922	IBD1
GRG041	GRG081	16	6	704	698	6e-05	0.0471450015902519	0.0470850015917676	94535	2367509	IBD2
GRG041	GRG081	16	794	7456	6662	0.0589470006525516	0.3142290115356445	0.2552820108830929	2856434	13841267	IBD2
GRG041	GRG081	16	23246	28033	4787	0.9061800241470336	1.0599160194396973	0.1537359952926635	73544889	81208203	IBD2
GRG041	GRG007	16	19	8143	8124	0.00036	0.3462089896202087	0.3458489896147512	128054	16308675	IBD1
GRG081	GRG007	16	23	8187	8164	0.000623	0.3578729927539825	0.3572499927249737	155320	16956659	IBD1
GRG081	GRG007	16	28017	32640	4623	1.0595380067825315	1.2746050357818604	0.2150670289993286	81194912	86814746	IBD1
GRG007	GRG004	16	10483	25279	14796	0.46319	0.9627259969711304	0.4995360076427459	23939947	77810719	IBD1
GRG007	GRG004	16	28332	33935	5603	1.072916030883789	1.34026300907135	0.267346978187561	81602681	90149922	IBD1
GRG007	GRG004	16	32263	33301	1038	1.2581909894943235	1.3045979738235474	0.0464069843292236	86441902	88136668	IBD2
GRG041	GRG081	17	293	28924	28631	0.025064	1.2847379446029663	1.2596739437431097	836541	81041077	IBD1
GRG041	GRG081	17	7576	18817	11241	0.4115079939365387	0.7956539988517761	0.3841460049152374	15554561	55106716	IBD2
GRG081	GRG007	17	24394	28920	4526	1.014788	1.2844719886779783	0.2696839570999145	70773711	81029594	IBD1
GRG081	GRG004	17	24767	28911	4144	1.037333	1.2841219902038574	0.2467889785766601	71423391	81004770	IBD1
GRG007	GRG004	17	8	28924	28916	0.000969	1.2847379446029663	1.2837689446168952	38924	81041077	IBD1
GRG007	GRG004	17	688	4905	4217	0.061073001474142	0.2754110097885132	0.2143380083143711	1879293	10883796	IBD2
GRG007	GRG004	17	5735	8286	2551	0.3171879947185516	0.4366990029811859	0.1195110082626342	12456159	18290993	IBD2
GRG007	GRG004	17	20989	22264	1275	0.880059003829956	0.9303990006446838	0.0503399968147277	63070652	66258674	IBD2
GRG007	GRG004	17	26069	27698	1629	1.0999549627304075	1.2028130292892456	0.1028580665588378	74496832	77461895	IBD2
GRG007	GRG004	17	27710	28924	1214	1.2215700149536133	1.2847379446029663	0.063167929649353	77648178	81041077	IBD2
GRG041	GRG081	18	3	6063	6060	0.002663	0.3463630080223083	0.3437000080011785	158917	11398924	IBD1
GRG041	GRG081	18	10697	18775	8078	0.4962759912014007	0.6771939992904663	0.1809180080890655	28155819	47494393	IBD1
GRG041	GRG081	18	428	5938	5510	0.0271559990942478	0.3358690142631531	0.3087130151689052	907094	11090262	IBD2
GRG081	GRG007	18	13902	17830	3928	0.564748	0.6460149884223938	0.0812669992446899	36174580	45711740	IBD1
GRG007	GRG004	18	3	2703	2700	0.002663	0.1635400056838989	0.160877005662769	158917	5533188	IBD1
GRG007	GRG004	18	19604	33533	13929	0.7006509900093079	1.177090048789978	0.4764390587806701	49190784	78015180	IBD1
GRG007	GRG004	18	30180	33533	3353	1.0360360145568848	1.177090048789978	0.1410540342330932	71926449	78015180	IBD2
GRG041	GRG081	19	8	2172	2164	0.000351	0.2193370014429092	0.2189860014477744	282753	6909449	IBD1
GRG041	GRG081	19	5972	12935	6963	0.4621889889240265	0.7128289937973022	0.2506400048732757	19256870	45329214	IBD1
GRG041	GRG081	19	13836	18225	4389	0.7699800133705139	1.0773160457611084	0.3073360323905945	48354551	59087479	IBD1
GRG041	GRG081	19	16397	17566	1169	0.9683610200881958	1.056857943534851	0.0884969234466552	54749011	57499578	IBD2
GRG041	GRG004	19	11413	13177	1764	0.642377	0.7289829850196838	0.086605966091156	39789115	46157019	IBD1
GRG081	GRG004	19	11320	13320	2000	0.637445	0.7349249720573425	0.0974799990653991	39535685	46572762	IBD1
GRG007	GRG004	19	3	4015	4012	0.000103	0.3358489871025085	0.3357459871040191	275688	13276345	IBD1
GRG007	GRG004	19	841	1387	546	0.1056670024991035	0.160628005862236	0.0549610033631324	3062857	4796782	IBD2
GRG041	GRG081	20	4	28672	28668	0.000571	1.0821340084075928	1.0815630084252916	74347	62912463	IBD1
GRG041	GRG081	20	2	1050	1048	0.000205	0.0674870014190673	0.0672820014151511	68749	1916732	IBD2
GRG041	GRG081	20	10014	19717	9703	0.4248130023479461	0.6819660067558289	0.2571530044078827	18569599	45849764	IBD2
GRG007	GRG004	20	7	28672	28665	0.000667	1.0821340084075928	1.0814670083927922	87416	62912463	IBD1
GRG007	GRG004	20	2776	6609	3833	0.1657409965991974	0.3161559998989105	0.1504150032997131	5240592	12292095	IBD2
GRG007	GRG004	20	6788	20873	14085	0.3240689933300018	0.7199190258979797	0.3958500325679779	12655571	48138971	IBD2
GRG007	GRG004	20	21111	25645	4534	0.7296590209007263	0.9185630083084106	0.1889039874076843	48776042	56942557	IBD2
GRG041	GRG081	21	7	11901	11894	0.013561	0.4674310088157654	0.4538700086995959	15206684	41142595	IBD1
GRG041	GRG081	21	1231	3649	2418	0.0901610031723976	0.2005739957094192	0.1104129925370216	18002930	23371741	IBD2
GRG007	GRG004	21	3	4246	4243	0.008914	0.216387003660202	0.2074730033054947	14771811	25052229	IBD1
GRG041	GRG081	22	505	15601	15096	0.062561	0.7407619953155518	0.6782009974122047	18279383	51178090	IBD1
GRG041	GRG081	22	3463	4956	1493	0.2549720108509063	0.3287439942359924	0.073771983385086	26285699	28165334	IBD2
GRG041	GRG081	22	5271	9375	4104	0.3365780115127563	0.4687300026416778	0.1321519911289215	29458441	37977481	IBD2
GRG041	GRG081	22	9701	12096	2395	0.478303998708725	0.5515469908714294	0.0732429921627044	38918894	44881968	IBD2
GRG007	GRG004	22	239	15601	15362	0.035667	0.7407619953155518	0.7050949968397617	17698173	51178090	IBD1
GRG007	GRG004	22	4586	13532	8946	0.3096550107002258	0.6255890130996704	0.3159340023994446	27731470	47666205	IBD2
